first_name,last_name,email,gender,position,course
Brittani,Boss,bbossu@prlog.org,Female,student,1º ESO A
Evyn,Renad,erenadv@51.la,Male,student,2º ESO A
Carleen,Glasscott,cglasscottw@so-net.ne.jp,Female,student,1º ESO B
Iver,Teas,iteasx@earthlink.net,Male,student,1º ESO B
Benjie,Lage,blagey@illinois.edu,Male,student,2º ESO B
Shel,Gabala,sgabalaz@census.gov,Female,student,3º ESO B
Cameron,Eustace,ceustace10@shareasale.com,Male,student,1º ESO A
Tommie,Wainer,twainer11@blog.com,Female,student,1º ESO B
Chadwick,Smee,csmee12@cafepress.com,Male,student,2º ESO B
Brunhilda,Dowman,bdowman13@princeton.edu,Female,student,3º ESO B
Hewett,Mapplebeck,hmapplebeck14@vk.com,Male,student,1º ESO A
Hobie,Coit,hcoit15@independent.co.uk,Male,student,2º ESO A
Con,Hallatt,challatt16@nydailynews.com,Female,student,3º ESO A
Sigfried,Ayto,sayto17@dagondesign.com,Male,student,4º ESO A
Banky,Regorz,bregorz18@accuweather.com,Male,student,1º ESO A
Forrester,Toffetto,ftoffetto19@umn.edu,Male,student,2º ESO A
Karim,Smaleman,ksmaleman1a@infoseek.co.jp,Male,student,1º ESO B
Hyacinthie,Munden,hmunden1b@themeforest.net,Female,student,1º ESO A
Harold,Carles,hcarles1c@dagondesign.com,Male,student,2º ESO A
Ninnetta,Klouz,nklouz1d@statcounter.com,Female,student,1º ESO B
Alfy,Dunnico,adunnico1e@bloglines.com,Female,student,2º ESO B
Kordula,Forman,kforman1f@bravesites.com,Female,student,3º ESO B
Alanson,Kensley,akensley1g@washingtonpost.com,Male,student,4º ESO B
Maurizio,Blackston,mblackston1h@mashable.com,Male,student,1º ESO A
Nial,Whall,nwhall1i@flavors.me,Male,student,2º ESO A
Guntar,Teeney,gteeney1j@redcross.org,Male,student,3º ESO A
Lurline,Fessler,lfessler1k@edublogs.org,Female,student,4º ESO A
Giuditta,Burberye,gburberye1l@paypal.com,Female,student,1º ESO A
Dita,McGrail,dmcgrail1m@webeden.co.uk,Female,student,2º ESO A
Read,Aronoff,raronoff1n@vkontakte.ru,Male,student,3º ESO A
Steffen,Viccary,sviccary1o@rakuten.co.jp,Male,student,4º ESO A
Dorie,Dowears,ddowears1p@ebay.com,Female,student,1º ESO A
Suzette,Clouter,sclouter1q@cocolog-nifty.com,Female,student,2º ESO A
Cinnamon,Serrurier,cserrurier1r@indiegogo.com,Female,student,3º ESO A
Fairlie,Ivashkin,fivashkin1s@blogs.com,Male,student,4º ESO A
Carlynne,Floyed,cfloyed1t@mlb.com,Female,student,1º ESO A
Kenneth,Blackburne,kblackburne1u@va.gov,Male,student,2º ESO A
Camel,Knottley,cknottley1v@about.com,Female,student,3º ESO A
Guglielmo,Scamel,gscamel1w@amazon.co.jp,Male,student,4º ESO A
Dolli,Angier,dangier1x@indiatimes.com,Female,student,4º ESO A
Lane,Wanklyn,lwanklyn1y@google.ru,Male,student,1º ESO A
Emmott,Metcalf,emetcalf1z@parallels.com,Male,student,2º ESO A
Wang,Hubert,whubert20@washingtonpost.com,Male,student,3º ESO A
Julienne,Hoofe,jhoofe21@eepurl.com,Female,student,4º ESO A
Ruperta,Choke,rchoke22@bbc.co.uk,Female,student,1º ESO A
Fancy,Dreye,fdreye23@nature.com,Female,student,2º ESO A
Gayla,Davidman,gdavidman24@barnesandnoble.com,Female,student,3º ESO A
Jania,Andrioni,jandrioni25@gnu.org,Female,student,4º ESO A
Geno,Strooband,gstrooband26@reference.com,Male,student,1º ESO A
Britni,Goare,bgoare27@opensource.org,Female,student,2º ESO A
Tailor,Cropp,tcropp28@timesonline.co.uk,Male,student,3º ESO A
Inna,Verling,iverling29@seattletimes.com,Female,student,4º ESO A
Randell,Heinzel,rheinzel2a@livejournal.com,Male,student,4º ESO A
Misty,Strutz,mstrutz2b@intel.com,Female,student,1º ESO A
Bettine,Cluer,bcluer2c@washingtonpost.com,Female,student,2º ESO A
Katheryn,Wayon,kwayon2d@acquirethisname.com,Female,student,3º ESO A
Shauna,Allain,sallain2e@pagesperso-orange.fr,Female,student,4º ESO A
Ginger,Prayer,gprayer2f@hugedomains.com,Male,student,1º ESO A
Fredelia,Pavic,fpavic2g@gravatar.com,Female,student,2º ESO A
Juan,Oxbury,joxbury2h@phpbb.com,Male,student,3º ESO A
Stephie,Malins,smalins2i@si.edu,Female,student,4º ESO A
Lucian,Binyon,lbinyon2j@exblog.jp,Male,student,1º ESO A
Carmine,Stoves,cstoves2k@unblog.fr,Male,student,2º ESO A
Arlie,Dungay,adungay2l@simplemachines.org,Female,student,3º ESO A
Dominica,Cholonin,dcholonin2m@squidoo.com,Female,student,4º ESO A
Louie,Sherr,lsherr2n@1688.com,Male,student,4º ESO A
Jacklyn,Giacomello,jgiacomello2o@devhub.com,Female,student,1º ESO A
Chloette,Birk,cbirk2p@i2i.jp,Female,student,2º ESO A
Gasper,Gander,ggander2q@cbslocal.com,Male,student,3º ESO A
Tate,Lube,tlube2r@home.pl,Male,student,4º ESO A
Alfy,Caizley,acaizley2s@intel.com,Female,student,1º ESO A
Lewes,Beyne,lbeyne2t@uol.com.br,Male,student,2º ESO A
Dwain,Dawtre,ddawtre2u@rambler.ru,Male,student,3º ESO A
Janean,Parsand,jparsand2v@tumblr.com,Female,student,4º ESO A
Aluino,Booton,abooton2w@google.nl,Male,student,1º ESO A
Rudy,Sussans,rsussans2x@theatlantic.com,Male,student,2º ESO A
Pacorro,Stower,pstower2y@ed.gov,Male,student,3º ESO A
Gerik,Walewski,gwalewski2z@epa.gov,Male,student,4º ESO A
Theodoric,Vaz,tvaz30@google.com,Male,student,4º ESO A
Julianna,Shoreman,jshoreman31@vistaprint.com,Female,student,4º ESO A
Helsa,Brazelton,hbrazelton32@live.com,Female,student,4º ESO A
Deidre,Rielly,drielly33@google.com.hk,Female,student,1º ESO A
Kori,Kirmond,kkirmond34@parallels.com,Female,student,4º ESO A
Mordecai,Peepall,mpeepall35@surveymonkey.com,Male,student,1º ESO A
Coralie,Suttell,csuttell36@wikia.com,Female,student,2º ESO A
Edgard,Duns,eduns37@wordpress.com,Male,student,3º ESO A
Manda,Chanders,mchanders38@vimeo.com,Female,student,4º ESO A
Hortense,Pocke,hpocke39@ca.gov,Female,student,1º ESO A
Fraser,Salvadori,fsalvadori3a@soup.io,Male,student,2º ESO A
Darcie,Muffitt,dmuffitt3b@alexa.com,Female,student,3º ESO A
Margarita,Symes,msymes3c@berkeley.edu,Female,student,4º ESO A
Jeth,Goodings,jgoodings3d@scientificamerican.com,Male,student,1º ESO A
Karrah,Matessian,kmatessian3e@goo.gl,Female,student,2º ESO A
Barbabas,Stonbridge,bstonbridge3f@webeden.co.uk,Male,student,3º ESO A
Lorain,McIlrath,lmcilrath3g@samsung.com,Female,student,4º ESO A
Lindsay,Decourt,ldecourt3h@goodreads.com,Female,student,2º ESO A
Raimondo,Kliment,rkliment3i@wikimedia.org,Male,student,3º ESO A
Anderson,Eades,aeades3j@blogs.com,Male,student,4º ESO A
Jessie,Kemm,jkemm3k@google.com.au,Male,student,1º ESO A
Pernell,Blackshaw,pblackshaw3l@psu.edu,Male,student,2º ESO A
Gretta,Parffrey,gparffrey3m@livejournal.com,Female,student,3º ESO A
Yehudit,Cicconettii,ycicconettii3n@cmu.edu,Male,student,4º ESO A
Uriel,Clough,uclough3o@paypal.com,Male,student,1º ESO A
Tildy,Simonin,tsimonin3p@github.io,Female,student,2º ESO A
Kesley,Whistance,kwhistance3q@patch.com,Female,student,3º ESO A
Worth,Fairlam,wfairlam3r@g.co,Male,student,4º ESO A
Thorstein,Solloway,tsolloway3s@senate.gov,Male,student,1º ESO B
Jillane,Royson,jroyson3t@ca.gov,Female,student,2º ESO B
Joella,Jedrasik,jjedrasik3u@seesaa.net,Female,student,3º ESO B
Elbertina,McKimmey,emckimmey3v@engadget.com,Female,student,4º ESO B
Glynda,Gentile,ggentile3w@shareasale.com,Female,student,1º ESO B
Stacee,Smallridge,ssmallridge3x@opera.com,Male,student,1º ESO B
Mitzi,McEwan,mmcewan3y@bloglovin.com,Female,student,2º ESO B
Don,Duke,dduke3z@amazon.com,Male,student,3º ESO B
Wiley,Peizer,wpeizer40@nhs.uk,Male,student,4º ESO B
Doti,Heathcott,dheathcott41@ebay.com,Female,student,1º ESO B
Rochell,Sellars,rsellars42@hc360.com,Female,student,1º ESO B
Gussie,Davidovici,gdavidovici43@phoca.cz,Female,student,2º ESO B
Marylinda,Barus,mbarus44@stumbleupon.com,Female,student,3º ESO B
Ranee,O'Rafferty,rorafferty45@netscape.com,Female,student,4º ESO B
Jenny,Trusler,jtrusler46@uiuc.edu,Female,student,1º ESO B
Guillermo,O'Scollee,goscollee47@jiathis.com,Male,student,2º ESO A
Peirce,McParland,pmcparland48@yolasite.com,Male,student,3º ESO A
Alexandrina,McGill,amcgill49@answers.com,Female,student,4º ESO A
Avram,Pinwell,apinwell4a@kickstarter.com,Male,student,1º ESO A
Rosetta,Roskrug,rroskrug4b@bbc.co.uk,Female,student,1º ESO B
Ty,Duffitt,tduffitt4c@addtoany.com,Male,student,2º ESO B
Ferdy,Tewelson,ftewelson4d@usa.gov,Male,student,3º ESO B
Cassy,Hartell,chartell4e@ovh.net,Female,student,4º ESO B
Darline,Lademann,dlademann4f@zdnet.com,Female,student,1º ESO B
Roz,Tillot,rtillot4g@state.gov,Female,student,2º ESO B
Bren,Scottini,bscottini4h@hhs.gov,Male,student,3º ESO B
Margy,Frossell,mfrossell4i@stumbleupon.com,Female,student,4º ESO B
Udall,Trehearne,utrehearne4j@nps.gov,Male,student,1º ESO B
Waring,Goodhand,wgoodhand4k@51.la,Male,student,2º ESO B
Sigfrid,Gould,sgould4l@live.com,Male,student,3º ESO B
Kim,Hirsthouse,khirsthouse4m@nymag.com,Male,student,4º ESO B
Anthia,Robbey,arobbey4n@xrea.com,Female,student,1º ESO B
Silvio,Sanney,ssanney4o@i2i.jp,Male,student,2º ESO B
Elvera,Niles,eniles4p@jugem.jp,Female,student,3º ESO B
Milissent,McSorley,mmcsorley4q@posterous.com,Female,student,4º ESO B
Gareth,Montgomery,gmontgomery4r@mlb.com,Male,student,1º ESO B
Port,Boykett,pboykett4s@constantcontact.com,Male,student,2º ESO B
Hiram,Scade,hscade4t@last.fm,Male,student,3º ESO B
Alair,Atcock,aatcock4u@wufoo.com,Male,student,1º ESO B
Bayard,Filliskirk,bfilliskirk4v@psu.edu,Male,student,2º ESO B
Gerardo,Quilligan,gquilligan4w@over-blog.com,Male,student,3º ESO B
Lou,Mintrim,lmintrim4x@gnu.org,Male,student,4º ESO B
Tiebold,Mercik,tmercik4y@geocities.jp,Male,student,1º ESO B
Walsh,Baitman,wbaitman4z@blog.com,Male,student,1º ESO B
Moreen,Mauvin,mmauvin50@illinois.edu,Female,student,2º ESO B
Kariotta,Crosen,kcrosen51@google.de,Female,student,3º ESO B
Vanny,Peinke,vpeinke52@answers.com,Female,student,4º ESO B
Gav,Grigg,ggrigg53@360.cn,Male,student,1º ESO B
Ebeneser,Guilfoyle,eguilfoyle54@parallels.com,Male,student,2º ESO B
Cynthie,Schrader,cschrader55@harvard.edu,Female,student,3º ESO B
Annette,Stopforth,astopforth56@oakley.com,Female,student,1º ESO B
Nikita,Blethyn,nblethyn57@theguardian.com,Male,student,2º ESO B
Zuzana,Thalmann,zthalmann58@kickstarter.com,Female,student,3º ESO B
Janeva,Hammant,jhammant59@sohu.com,Female,student,4º ESO B
Nanete,Lawley,nlawley5a@sfgate.com,Female,student,3º ESO B
Marcelle,Tonkinson,mtonkinson5b@canalblog.com,Female,student,4º ESO B
Althea,Clery,aclery5c@amazon.com,Female,student,1º ESO B
Laurens,Scantleberry,lscantleberry5d@hugedomains.com,Male,student,2º ESO B
Niccolo,Drayson,ndrayson5e@rediff.com,Male,student,3º ESO B
Pieter,Chiverton,pchiverton5f@google.it,Male,student,1º ESO B
Mellisent,Galbreath,mgalbreath5g@amazon.co.uk,Female,student,4º ESO B
Ingram,Bachellier,ibachellier5h@slideshare.net,Male,student,1º ESO B
Ursula,Linnit,ulinnit5i@dell.com,Female,student,2º ESO B
Rex,Timby,rtimby5j@discuz.net,Male,student,3º ESO B
Calypso,Stansell,cstansell5k@drupal.org,Female,student,4º ESO B
Veronique,Sighart,vsighart5l@altervista.org,Female,student,1º ESO B
Wolfy,Andryushchenko,wandryushchenko5m@mysql.com,Male,student,2º ESO B
Ker,Mowsley,kmowsley5n@home.pl,Male,student,3º ESO B
Ronna,Ewins,rewins5o@skype.com,Female,student,1º ESO B
Marna,Rosenshine,mrosenshine5p@163.com,Female,student,2º ESO B
Marlin,Domino,mdomino5q@army.mil,Male,student,3º ESO B
Luci,Tregea,ltregea5r@mlb.com,Female,student,4º ESO B
Olimpia,Kiefer,okiefer5s@google.fr,Female,student,1º ESO B
Yettie,Mingardi,ymingardi5t@woothemes.com,Female,student,1º ESO B
Raina,Danby,rdanby5u@answers.com,Female,student,2º ESO B
Hermia,Ennor,hennor5v@yale.edu,Female,student,3º ESO B
Arleta,Driffill,adriffill5w@adobe.com,Female,student,4º ESO B
Willey,Gatherell,wgatherell5x@ibm.com,Male,student,1º ESO B
Abigael,Peterkin,apeterkin5y@youtube.com,Female,student,2º ESO B
Loella,Thorwarth,lthorwarth5z@cdbaby.com,Female,student,3º ESO B
Linda,Mitchelmore,lmitchelmore60@businessinsider.com,Female,student,1º ESO B
Tabby,Gass,tgass61@yandex.ru,Male,student,2º ESO C
Grata,Morgans,gmorgans62@blogtalkradio.com,Female,student,3º ESO C
Mordy,Gunbie,mgunbie63@google.co.uk,Male,student,1º ESO B
Perice,Garnar,pgarnar64@simplemachines.org,Male,student,1º ESO B
Jewell,Steger,jsteger65@noaa.gov,Female,student,1º ESO B
Tiphanie,Carnalan,tcarnalan66@linkedin.com,Female,student,1º ESO C
Leroy,Placstone,lplacstone67@163.com,Male,student,1º ESO B
Man,Bell,mbell68@vkontakte.ru,Male,student,1º ESO C
Maud,Hoffman,mhoffman69@chronoengine.com,Female,student,1º ESO B
Stanfield,Roddan,sroddan6a@symantec.com,Male,student,1º ESO C
Kizzee,Ready,kready6b@mapy.cz,Female,student,1º ESO B
Shay,Henriquet,shenriquet6c@issuu.com,Female,student,1º ESO C
Ingar,Levesque,ilevesque6d@ow.ly,Male,student,1º ESO B
Denver,Casely,dcasely6e@google.de,Male,student,1º ESO B
Charisse,Rama,crama6f@bloglines.com,Female,student,1º ESO B
Yard,Ambrosini,yambrosini6g@blinklist.com,Male,student,2º ESO B
Tatum,Garbutt,tgarbutt6h@wisc.edu,Female,student,3º ESO B
Dorena,Larkcum,dlarkcum6i@hexun.com,Female,student,4º ESO B
Staci,Castelletti,scastelletti6j@newsvine.com,Female,student,1º ESO B
Patrizia,Sutterfield,psutterfield6k@wordpress.org,Female,student,1º ESO B
Harley,Duggleby,hduggleby6l@dagondesign.com,Male,student,1º ESO B
Wendy,Van Halle,wvanhalle6m@dell.com,Female,student,1º ESO B
Don,Bonnyson,dbonnyson6n@newyorker.com,Male,student,1º ESO E
Giulio,Pepper,gpepper6o@yandex.ru,Male,student,2º ESO E
Dwight,Studman,dstudman6p@sourceforge.net,Male,student,3º ESO E
Thom,Bastone,tbastone6q@chron.com,Male,student,1º ESO A
Micki,Alden,malden6r@bloglovin.com,Female,student,1º ESO A
Avrom,Schwerin,aschwerin6s@ucla.edu,Male,student,2º ESO A
Clevie,Micheau,cmicheau6t@cnbc.com,Male,student,1º ESO A
Dmitri,Cadwallader,dcadwallader6u@ucoz.com,Male,student,1º ESO A
Bryanty,Ellin,bellin6v@salon.com,Male,student,1º ESO A
Abba,Cranage,acranage6w@aol.com,Male,student,1º ESO A
Dell,Testro,dtestro6x@webs.com,Female,student,1º ESO A
Darcey,Fowley,dfowley6y@globo.com,Female,student,2º ESO A
Darrel,McCluskey,dmccluskey6z@nymag.com,Male,student,1º ESO A
Celina,Reavey,creavey70@merriam-webster.com,Female,student,1º ESO E
Clywd,Prestie,cprestie71@pbs.org,Male,student,2º ESO E
Ray,Endean,rendean72@rediff.com,Female,student,1º ESO E
Brian,Jilliss,bjilliss73@washingtonpost.com,Male,student,1º ESO C
Matt,Woolvett,mwoolvett74@bloglines.com,Male,student,2º ESO C
Dmitri,Dashper,ddashper75@weibo.com,Male,student,3º ESO C
Gregor,Risebrow,grisebrow76@bloomberg.com,Male,student,4º ESO C
Dione,Houltham,dhoultham77@theguardian.com,Female,student,1º ESO C
Grantham,Hurdwell,ghurdwell78@goo.ne.jp,Male,student,1º ESO E
Imojean,Perford,iperford79@stanford.edu,Female,student,2º ESO E
Vince,Kulvear,vkulvear7a@examiner.com,Male,student,3º ESO E
Jessie,Bleyman,jbleyman7b@comcast.net,Female,student,1º ESO C
Andy,Gillio,agillio7c@gizmodo.com,Male,student,2º ESO C
Lorianne,Beininck,lbeininck7d@xinhuanet.com,Female,student,3º ESO C
Guthrie,Bedson,gbedson7e@usgs.gov,Male,student,4º ESO C
Zacherie,Deniset,zdeniset7f@barnesandnoble.com,Male,student,1º ESO E
Lani,Pirnie,lpirnie7g@google.com.br,Female,student,2º ESO E
Shelby,Yule,syule7h@smh.com.au,Female,student,3º ESO E
Karrah,Grenshiels,kgrenshiels7i@delicious.com,Female,student,1º ESO E
Merwyn,Leggate,mleggate7j@ezinearticles.com,Male,student,2º ESO E
Chandra,Garbutt,cgarbutt7k@apple.com,Female,student,3º ESO E
Karleen,Roches,kroches7l@vk.com,Female,student,1º ESO D
Nelly,Cropp,ncropp7m@yale.edu,Female,student,1º ESO D
Dari,Roller,droller7n@youku.com,Female,student,1º ESO D
Adelice,Threadgall,athreadgall7o@sogou.com,Female,student,1º ESO D
Burl,Stare,bstare7p@bigcartel.com,Male,student,2º ESO D
Shalne,Redholes,sredholes7q@ucsd.edu,Female,student,3º ESO D
Riley,Lickess,rlickess7r@squidoo.com,Male,student,4º ESO D
Marysa,Greenwell,mgreenwell7s@discovery.com,Female,student,1º ESO C
Fanny,Mc Elory,fmcelory7t@google.es,Female,student,2º ESO C
Gavin,Sheehan,gsheehan7u@bloglovin.com,Male,student,3º ESO C
Angel,Hallan,ahallan7v@mac.com,Female,student,4º ESO C
Cy,Karczinski,ckarczinski7w@live.com,Male,student,1º ESO C
Eirena,Domelow,edomelow7x@51.la,Female,student,2º ESO C
Liv,Boatwright,lboatwright7y@ow.ly,Female,student,1º ESO E
Ignacius,Clarage,iclarage7z@buzzfeed.com,Male,student,1º ESO C
Cristabel,Wheelwright,cwheelwright80@lulu.com,Female,student,1º ESO E
Paul,Lambdean,plambdean81@nydailynews.com,Male,student,1º ESO E
Kirk,Glenton,kglenton82@huffingtonpost.com,Male,student,2º ESO E
Nikolia,Abramin,nabramin83@shop-pro.jp,Female,student,1º ESO D
Giffie,Feld,gfeld84@reddit.com,Male,student,1º ESO D
Nickolai,Jendrassik,njendrassik85@hatena.ne.jp,Male,student,2º ESO D
Red,Nano,rnano86@google.co.jp,Male,student,3º ESO D
Roanna,Mullins,rmullins87@sfgate.com,Female,student,4º ESO D
Tory,Ciementini,tciementini88@de.vu,Female,student,1º ESO C
Cristal,Ludgate,cludgate89@nba.com,Female,student,2º ESO C
Aurthur,Wagstaff,awagstaff8a@yale.edu,Male,student,3º ESO C
Clay,Redmore,credmore8b@hp.com,Male,student,4º ESO C
Desiri,Birtley,dbirtley8c@blogger.com,Female,student,1º ESO C
Bernita,Eastup,beastup8d@sohu.com,Female,student,2º ESO C
Bayard,Creus,bcreus8e@youtube.com,Male,student,3º ESO C
Charlena,Jackson,cjackson8f@taobao.com,Female,student,4º ESO C
Kane,Baldick,kbaldick8g@google.cn,Male,student,1º ESO C
Derby,Dubarry,ddubarry8h@google.de,Male,student,2º ESO C
Guillermo,Dronsfield,gdronsfield8i@marketwatch.com,Male,student,3º ESO C
Kristen,Matisse,kmatisse8j@gravatar.com,Female,student,4º ESO C
Wilburt,Schwieso,wschwieso8k@fema.gov,Male,student,1º ESO D
Maurita,Beeson,mbeeson8l@washingtonpost.com,Female,student,2º ESO D
Ariadne,Terbruggen,aterbruggen8m@wikia.com,Female,student,3º ESO D
Michele,Betser,mbetser8n@123-reg.co.uk,Female,student,4º ESO D
Rog,Mantha,rmantha8o@ovh.net,Male,student,1º ESO D
Yorgos,Lusgdin,ylusgdin8p@cnet.com,Male,student,2º ESO D
Kaleena,Tarte,ktarte8q@ucoz.com,Female,student,3º ESO D
Jaquelin,Ruffy,jruffy8r@sakura.ne.jp,Female,student,4º ESO D
Augusta,Pretty,apretty8s@answers.com,Female,student,1º ESO D
Gallagher,D'Aulby,gdaulby8t@reverbnation.com,Male,student,2º ESO D
Ardenia,Jentgens,ajentgens8u@techcrunch.com,Female,student,3º ESO D
Binni,Maddigan,bmaddigan8v@newsvine.com,Female,student,4º ESO D
Carrie,Beynkn,cbeynkn8w@ebay.co.uk,Female,student,1º ESO D
Ginelle,Eisak,geisak8x@rediff.com,Female,student,2º ESO D
Wallie,Alderton,walderton8y@newyorker.com,Male,student,3º ESO D
Pavel,Spinnace,pspinnace8z@redcross.org,Male,student,4º ESO D
Geoff,Durden,gdurden90@reuters.com,Male,student,3º ESO C
Shandie,Tanguy,stanguy91@yelp.com,Female,student,4º ESO C
Izaak,Ruben,iruben92@ibm.com,Male,student,1º ESO C
Petronilla,Burnage,pburnage93@webmd.com,Female,student,2º ESO C
Frederica,Housiaux,fhousiaux94@wikispaces.com,Female,student,3º ESO C
Itch,Guthrie,iguthrie95@chron.com,Male,student,4º ESO C
Rachael,Deveraux,rdeveraux96@businessinsider.com,Female,student,1º ESO D
Torey,Suttie,tsuttie97@reddit.com,Female,student,2º ESO D
Thayne,Isabell,tisabell98@quantcast.com,Male,student,3º ESO D
Clemmie,Crat,ccrat99@weibo.com,Male,student,4º ESO D
Orlando,Hubane,ohubane9a@java.com,Male,student,1º ESO D
Josiah,Elstub,jelstub9b@scientificamerican.com,Male,student,2º ESO D
James,Goom,jgoom9c@rambler.ru,Male,student,3º ESO D
Grete,Beveredge,gbeveredge9d@dailymail.co.uk,Female,student,4º ESO D
Lindy,Roads,lroads9e@state.tx.us,Female,student,1º ESO D
Wylie,Bartomeu,wbartomeu9f@twitter.com,Male,student,2º ESO D
Orlan,Jills,ojills9g@telegraph.co.uk,Male,student,3º ESO D
Gail,Albrighton,galbrighton9h@craigslist.org,Female,student,4º ESO D
Valaria,Burston,vburston9i@dailymail.co.uk,Female,student,1º ESO D
Grady,Peery,gpeery9j@businessweek.com,Male,student,2º ESO D
Ruth,Hayland,rhayland9k@booking.com,Female,student,3º ESO D
Tommie,Heller,theller9l@freewebs.com,Male,student,4º ESO D
Cornela,Kennedy,ckennedy9m@wunderground.com,Female,student,3º ESO C
Katey,Trahar,ktrahar9n@columbia.edu,Female,student,4º ESO C
Karita,Joska,kjoska9o@omniture.com,Female,student,1º ESO C
Madalena,Hogbourne,mhogbourne9p@discuz.net,Female,student,2º ESO C
Glad,Ryal,gryal9q@rakuten.co.jp,Female,student,3º ESO C
Ilysa,Skentelbury,iskentelbury9r@imdb.com,Female,student,4º ESO C
Aaron,Hargate,ahargate9s@ocn.ne.jp,Male,student,1º ESO D
Sidoney,McDonand,smcdonand9t@icio.us,Female,student,2º ESO D
Anatollo,Poupard,apoupard9u@google.com.br,Male,student,3º ESO D
Valida,Stollery,vstollery9v@chicagotribune.com,Female,student,4º ESO D
Lorinda,Arnaud,larnaud9w@wired.com,Female,student,1º ESO D
Sayre,Fehners,sfehners9x@twitter.com,Female,student,2º ESO D
Roxanna,Matveichev,rmatveichev9y@reuters.com,Female,student,3º ESO D
Petrina,Opfer,popfer9z@skyrock.com,Female,student,4º ESO D
Sofia,Wimmer,swimmera0@printfriendly.com,Female,student,1º ESO D
Umberto,Albisser,ualbissera1@ftc.gov,Male,student,2º ESO D
Milicent,Tumayan,mtumayana2@bandcamp.com,Female,student,3º ESO D
Pail,Greville,pgrevillea3@cyberchimps.com,Male,student,4º ESO D
Austin,Borer,aborera4@columbia.edu,Male,student,1º ESO D
Michaeline,Boost,mboosta5@sciencedirect.com,Female,student,2º ESO D
Mano,Coultard,mcoultarda6@wsj.com,Male,student,3º ESO D
Tanney,Blewitt,tblewitta7@theatlantic.com,Male,student,4º ESO D
Vivia,Shurrock,vshurrocka8@ucla.edu,Female,student,1º ESO D
Harrison,McNaught,hmcnaughta9@google.com.br,Male,student,1º ESO D
Romeo,Hubbert,rhubbertaa@independent.co.uk,Male,student,1º ESO D
Dwight,Giannotti,dgiannottiab@harvard.edu,Male,student,2º ESO D
Clarice,Swainson,cswainsonac@ucoz.com,Female,student,1º ESO D
Thomasin,Ollerhead,tollerheadad@homestead.com,Female,student,2º ESO D
Shea,Wermerling,swermerlingae@pagesperso-orange.fr,Male,student,2º ESO D
Eugene,Alway,ealwayaf@scribd.com,Male,student,3º ESO D
Crissie,Brydie,cbrydieag@w3.org,Female,student,4º ESO D
Bertie,Pozzi,bpozziah@jugem.jp,Female,student,1º ESO D
Pet,Keese,pkeeseai@japanpost.jp,Female,student,1º ESO D
Chevalier,Hansmann,chansmannaj@simplemachines.org,Male,student,1º ESO D
Giraud,Crinkley,gcrinkleyak@yellowpages.com,Male,student,2º ESO D
Eliza,Macartney,emacartneyal@disqus.com,Female,student,1º ESO D
Lexis,Watson-Brown,lwatsonbrownam@zdnet.com,Female,student,2º ESO D
Georgeanna,Tichner,gtichneran@google.com,Female,student,2º ESO B
Sharity,Battison,sbattisonao@hugedomains.com,Female,student,3º ESO B
Nelle,Cotta,ncottaap@de.vu,Female,student,4º ESO B
Bartram,Veitch,bveitchaq@feedburner.com,Male,student,1º ESO B
Issy,Fordyce,ifordycear@artisteer.com,Female,student,2º ESO A
Meghann,O'Keaveny,mokeavenyas@example.com,Female,student,3º ESO A
Hayes,Morillas,hmorillasat@4shared.com,Male,student,4º ESO A
Jefferson,Hoggins,jhogginsau@google.ru,Male,student,1º ESO A
Glenden,Lieb,gliebav@comcast.net,Male,student,1º ESO B
Marybelle,Lardge,mlardgeaw@surveymonkey.com,Female,student,2º ESO B
Karly,Hagstone,khagstoneax@toplist.cz,Female,student,3º ESO B
Ronnie,Newby,rnewbyay@csmonitor.com,Male,student,4º ESO B
Enrico,Clapson,eclapsonaz@narod.ru,Male,student,1º ESO B
Shannen,Fogt,sfogtb0@163.com,Female,student,2º ESO B
Horatio,Waterson,hwatersonb1@geocities.jp,Male,student,3º ESO B
Brietta,MacParlan,bmacparlanb2@sitemeter.com,Female,student,4º ESO B
Robina,Borne,rborneb3@chron.com,Female,student,1º ESO B
Baxie,Adolthine,badolthineb4@un.org,Male,student,2º ESO B
Damara,Collimore,dcollimoreb5@uol.com.br,Female,student,3º ESO B
Emmy,Prugel,eprugelb6@networksolutions.com,Male,student,4º ESO B
Curry,Vowels,cvowelsb7@baidu.com,Male,student,1º ESO B
Rancell,Sevitt,rsevittb8@omniture.com,Male,student,2º ESO B
Merrick,Simunek,msimunekb9@npr.org,Male,student,3º ESO B
Gilbertina,Garrold,ggarroldba@ucoz.com,Female,student,4º ESO B
Melody,Lafuente,mlafuentebb@wikipedia.org,Female,student,1º ESO B
Monique,Alderwick,malderwickbc@sina.com.cn,Female,student,2º ESO B
Louie,Fussey,lfusseybd@sogou.com,Male,student,3º ESO B
Siegfried,Raynton,srayntonbe@canalblog.com,Male,student,4º ESO B
Avivah,Ryott,aryottbf@dion.ne.jp,Female,student,1º ESO B
Carlota,Rivenzon,crivenzonbg@printfriendly.com,Female,student,2º ESO A
Julia,Cathesyed,jcathesyedbh@myspace.com,Female,student,3º ESO A
Hobey,Akrigg,hakriggbi@cargocollective.com,Male,student,4º ESO A
Celeste,Serridge,cserridgebj@themeforest.net,Female,student,1º ESO A
Melvyn,McFade,mmcfadebk@people.com.cn,Male,student,1º ESO B
Theda,Studart,tstudartbl@xinhuanet.com,Female,student,2º ESO B
Brewer,Drache,bdrachebm@umich.edu,Male,student,3º ESO B
Lem,Kenningham,lkenninghambn@jimdo.com,Male,student,4º ESO B
Leanor,Cartmell,lcartmellbo@simplemachines.org,Female,student,1º ESO B
Cosetta,Phoebe,cphoebebp@ca.gov,Female,student,2º ESO B
Erda,Dmitriev,edmitrievbq@vimeo.com,Female,student,3º ESO B
Jecho,McDill,jmcdillbr@wikia.com,Male,student,4º ESO B
Orbadiah,MacCracken,omaccrackenbs@comsenz.com,Male,student,1º ESO B
Casandra,Allery,callerybt@kickstarter.com,Female,student,2º ESO B
Lotte,Brymham,lbrymhambu@meetup.com,Female,student,3º ESO B
Philipa,Hambric,phambricbv@wiley.com,Female,student,4º ESO B
Binny,Beauman,bbeaumanbw@biblegateway.com,Female,student,1º ESO B
Suzi,Garratty,sgarrattybx@imageshack.us,Female,student,2º ESO B
Prudi,Haslin,phaslinby@omniture.com,Female,student,3º ESO B
Vanya,Lisimore,vlisimorebz@purevolume.com,Female,student,4º ESO B
Fidelia,Harnett,fharnettc0@fda.gov,Female,student,1º ESO B
Winnie,Farmer,wfarmerc1@bloomberg.com,Male,student,2º ESO B
Douglass,Levecque,dlevecquec2@soup.io,Male,student,3º ESO B
Hannie,Kinmond,hkinmondc3@mozilla.com,Female,student,4º ESO B
Sigismund,Sommerly,ssommerlyc4@accuweather.com,Male,student,1º ESO B
Bea,Peddie,bpeddiec5@smh.com.au,Female,student,2º ESO A
Pen,Farge,pfargec6@ebay.co.uk,Female,student,3º ESO A
Curry,Gumery,cgumeryc7@umich.edu,Male,student,4º ESO A
Maxi,Foresight,mforesightc8@wired.com,Female,student,1º ESO A
Selig,Firebrace,sfirebracec9@yolasite.com,Male,student,1º ESO B
Layla,Olek,lolekca@japanpost.jp,Female,student,2º ESO B
Lanita,Rodda,lroddacb@1und1.de,Female,student,3º ESO B
Nikola,Stoving,nstovingcc@epa.gov,Male,student,4º ESO B
Janean,Kewzick,jkewzickcd@amazon.co.uk,Female,student,1º ESO B
Tiertza,Fechnie,tfechniece@webnode.com,Female,student,2º ESO B
Arluene,Tottle,atottlecf@va.gov,Female,student,3º ESO B
Mohandas,Villaret,mvillaretcg@free.fr,Male,student,4º ESO B
Wrennie,Harrismith,wharrismithch@buzzfeed.com,Female,student,1º ESO B
Norah,Chattey,nchatteyci@aboutads.info,Female,student,2º ESO B
Burnaby,McCaffery,bmccafferycj@infoseek.co.jp,Male,student,3º ESO B
Bertie,Bance,bbanceck@cmu.edu,Male,student,4º ESO B
Guillemette,Fulstow,gfulstowcl@deviantart.com,Female,student,1º ESO B
Gustave,Camous,gcamouscm@mac.com,Male,student,2º ESO B
Dirk,Dunklee,ddunkleecn@phoca.cz,Male,student,3º ESO B
Cordey,Jahnisch,cjahnischco@adobe.com,Female,student,4º ESO B
Quintina,Stucksbury,qstucksburycp@github.io,Female,student,1º ESO B
Lianne,De Rye Barrett,lderyebarrettcq@arizona.edu,Female,student,2º ESO B
Ignacius,Tash,itashcr@nyu.edu,Male,student,3º ESO B
Francisco,Valenta,fvalentacs@angelfire.com,Male,student,4º ESO B
Jody,Johnke,jjohnkect@tumblr.com,Female,student,1º ESO B
Sancho,MacFadden,smacfaddencu@businessweek.com,Male,student,2º ESO A
Phylis,Filppetti,pfilppetticv@craigslist.org,Female,student,3º ESO A
Noam,Skevington,nskevingtoncw@360.cn,Male,student,4º ESO A
Pippa,Iuorio,piuoriocx@yelp.com,Female,student,1º ESO A
Leann,Baudts,lbaudtscy@trellian.com,Female,student,1º ESO B
Aube,Laba,alabacz@diigo.com,Male,student,2º ESO B
Greg,Dyer,gdyerd0@newsvine.com,Male,student,3º ESO B
Jarib,Cuthbertson,jcuthbertsond1@baidu.com,Male,student,4º ESO B
Vasily,Icom,vicomd2@huffingtonpost.com,Male,student,1º ESO B
Osbourn,Heinsen,oheinsend3@flickr.com,Male,student,2º ESO B
Jamey,Kubica,jkubicad4@admin.ch,Male,student,3º ESO B
Theodosia,McKintosh,tmckintoshd5@timesonline.co.uk,Female,student,4º ESO B
Sammy,Meron,smerond6@nbcnews.com,Female,student,1º ESO B
Nara,Goulder,ngoulderd7@amazon.co.jp,Female,student,2º ESO B
Broderick,Woodruffe,bwoodruffed8@omniture.com,Male,student,3º ESO B
Kriste,Adenot,kadenotd9@list-manage.com,Female,student,4º ESO B
Wilfrid,Coupe,wcoupeda@sfgate.com,Male,student,1º ESO B
Neale,Harverson,nharversondb@timesonline.co.uk,Male,student,2º ESO B
Sharon,Syme,ssymedc@shop-pro.jp,Female,student,3º ESO B
Irma,Sponton,ispontondd@alibaba.com,Female,student,4º ESO B
Tore,Core,tcorede@friendfeed.com,Male,student,1º ESO B
Antonie,Petasch,apetaschdf@google.ca,Female,student,2º ESO B
Reilly,Mapledoram,rmapledoramdg@dropbox.com,Male,student,3º ESO B
Fiorenze,Mahady,fmahadydh@com.com,Female,student,4º ESO B
Tobi,Cruce,tcrucedi@domainmarket.com,Female,student,1º ESO B
Tremayne,Roback,trobackdj@php.net,Male,student,2º ESO A
Blondy,Alenshev,balenshevdk@bloomberg.com,Female,student,3º ESO A
Ki,Clackers,kclackersdl@artisteer.com,Female,student,4º ESO A
Floris,Eles,felesdm@vkontakte.ru,Female,student,1º ESO A
Deana,Slyvester,dslyvesterdn@soup.io,Female,student,1º ESO B
Didi,Boston,dbostondo@canalblog.com,Female,student,2º ESO B
Gustave,Sauvain,gsauvaindp@nytimes.com,Male,student,3º ESO B
Morty,Fey,mfeydq@privacy.gov.au,Male,student,4º ESO B
Araldo,Exall,aexalldr@buzzfeed.com,Male,student,1º ESO B
Thekla,Heselwood,theselwoodds@virginia.edu,Female,student,2º ESO B
Sansone,Themann,sthemanndt@indiegogo.com,Male,student,3º ESO B
Meredith,Sleeman,msleemandu@japanpost.jp,Male,student,4º ESO B
Elysha,Tomek,etomekdv@npr.org,Female,student,1º ESO B
