first_name,last_name,email,gender,position,subject,date of contract
Erik,Di Carlo,edicarlo9@phoca.cz,Male,substitute teacher,physichs & chemistry,2005/01/10
Ebony,Laurenz,elaurenza@mapquest.com,Female,substitute teacher,technology ,2005/01/11
Hillier,Giacobelli,hgiacobellib@nba.com,Male,substitute teacher,technology ,2011/07/05
Sheilah,Davidovici,sdavidovicic@home.pl,Female,substitute teacher,english language,2005/03/07
Christian,Martinson,cmartinsond@delicious.com,Female,substitute teacher,english language,2008/08/27
Georgetta,Corona,gcoronae@shareasale.com,Female,substitute teacher,french language,2006/03/09
Janis,Assinder,jassinderf@wikipedia.org,Female,substitute teacher,german language,2002/03/09
Chaim,Logesdale,clogesdaleg@ihg.com,Male,substitute teacher,physical education,2008/09/22
Alon,Haxley,ahaxleyh@constantcontact.com,Male,substitute teacher,math,2005/03/24
Grenville,Meron,gmeroni@sfgate.com,Male,principal teacher,biology & geology,2001/08/13
Giordano,Helm,ghelmj@posterous.com,Male,principal teacher,physichs & chemistry,2002/09/23
Blancha,Girth,bgirthk@intel.com,Female,principal teacher,english language,2005/06/16
Angelika,Ousbie,aousbiel@whitehouse.gov,Female,principal teacher,history,2005/05/25
Dione,Fosdike,dfosdikem@utexas.edu,Female,principal teacher,music,2012/08/04
Phillida,Scotfurth,pscotfurthn@cargocollective.com,Female,principal teacher,spanish language,2012/08/27
Colby,Aris,cariso@reference.com,Male,principal teacher,math,2009/02/17
Gus,Boscher,gboscherp@de.vu,Male,principal teacher,visual education,2009/09/29
Pammy,Wonfar,pwonfarq@wordpress.org,Female,principal teacher,computer science,2006/01/26
Daile,Readett,dreadettr@telegraph.co.uk,Female,principal teacher,physichs & chemistry,2010/01/08
Charyl,Picott,cpicotts@smh.com.au,Female,principal teacher,physical education,2012/04/21
Lucais,Borrill,lborrillt@barnesandnoble.com,Male,student,history,2005/04/16
